Iteration,NashConv
19.616470303367205, 4.672269626283803
40.09160428609232, 3.2735686973776947
79.10771304618727, 1.21853191904393
199.64316807229955, 1
408.02523435638375, 0.5922869841070706
768.2387039893403, 0.3115747331642648
1551.8141037378264, 0.1977594925697622
3607.8785391463243, 0.17564475801582735
8193.812186266317, 0.15755235266613207
17756.765841387125, 0.14995662770320184
30086.488403875264, 0.1484820037728884
