Iteration,Milliblinds
10, 703.8135554931547
30.56990700935378, 407.5392965871774
60.857446433066904, 230.52172693661848
91.36593726391774, 195.6705310696113
150.13107289081742, 150.06215759217474
302.267989148566, 132.44449090281879
615.4824675699231, 116.89518164985776
1158.0451450681114, 105.6157806799228
2036.2145171363488, 93.21622804779382
3662.0602917153424, 82.91709301691637
4966.820115941125, 79.12342618981327
