iteration,exploitability
1.0962766390740457, 0.8475078169222036
242.78929885055743, 0.03273181288960842
93338.29861617873, 0.0015333056730456912
