Iteration,Exploitability
1.0470323008742592, 0.608739015690041
327.3181288960835, 0.025537926267188177
95508.03725587184, 0.0014916010987823228
