Iteration,NashConv
1.0444025524245693, 4.8063808630643905
2.6578367484940815, 4.482446879289309
13.262992053963467, 3.511191734215131
56.84823443592555, 1.8738174228603839
228.29193334233327, 0.7054802310718645
840.4817774137388, 0.20805675382171715
3762.458324675489, 0.04977023564332109
12159.218433235317, 0.01629750834620645
41040.018433373814, 0.006579332246575682
97851.17335267772, 0.004328761281083057
