Total Pool Length,NashConv
3.9618373917567338, 0.7956458882558041
5.932690518213408, 0.3500297644357513
9.932347450375849, 0.147291436346628
18.28628415887256, 0.07891827536355134
32.1314897310832, 0.051705076962326846
77.24296658983313, 0.0445616123820054
184.25264273371513, 0.045667148567055005
406.39841772252134, 0.04592227230206669
