Total Pool Length,NashConv
3.937658923564388, 0.7916666666666667
5.917099108234316, 0.34166666666666656
9.921986675062342, 0.1333333333333333
14.449870188014671, 0.07499999999999996
29.470517025518113, 0.04166666666666674
69.20477395218691, 0.01666666666666683
157.49940286401124, 0.008333333333333304
403.1272694269973, 0.008333333333333304
